SET @OLD_UNIQUE_CHECKS=@@UNIQUE_CHECKS, UNIQUE_CHECKS=0;
SET @OLD_FOREIGN_KEY_CHECKS=@@FOREIGN_KEY_CHECKS, FOREIGN_KEY_CHECKS=0;
SET @OLD_SQL_MODE=@@SQL_MODE, SQL_MODE='ONLY_FULL_GROUP_BY,STRICT_TRANS_TABLES,NO_ZERO_IN_DATE,NO_ZERO_DATE,ERROR_FOR_DIVISION_BY_ZERO,NO_ENGINE_SUBSTITUTION';

USE `ServerDomDB`;
-- -----------------------------------------------------
-- Data for table `ServerDomDB`.`USER_ACCOUNT`
-- -----------------------------------------------------
START TRANSACTION;
USE `ServerDomDB`;
INSERT INTO `ServerDomDB`.`USER_ACCOUNT` (`USERNAME`, `MNY`, `PUNTEGGIO`, `EMAIL`, `PASSW`) VALUES ('Tawa', DEFAULT, NULL, NULL, NULL);
INSERT INTO `ServerDomDB`.`USER_ACCOUNT` (`USERNAME`, `MNY`, `PUNTEGGIO`, `EMAIL`, `PASSW`) VALUES ('MatPara', DEFAULT, NULL, NULL, NULL);
INSERT INTO `ServerDomDB`.`USER_ACCOUNT` (`USERNAME`, `MNY`, `PUNTEGGIO`, `EMAIL`, `PASSW`) VALUES ('MatC', DEFAULT, NULL, NULL, NULL);
INSERT INTO `ServerDomDB`.`USER_ACCOUNT` (`USERNAME`, `MNY`, `PUNTEGGIO`, `EMAIL`, `PASSW`) VALUES ('Gio', DEFAULT, NULL, NULL, NULL);
INSERT INTO `ServerDomDB`.`USER_ACCOUNT` (`USERNAME`, `MNY`, `PUNTEGGIO`, `EMAIL`, `PASSW`) VALUES ('Luca', DEFAULT, NULL, NULL, NULL);

COMMIT;


-- -----------------------------------------------------
-- Data for table `ServerDomDB`.`ASSET`
-- -----------------------------------------------------
START TRANSACTION;
USE `ServerDomDB`;
INSERT INTO `ServerDomDB`.`ASSET` (`idAsset`, `COSTO`, `NOME`, `DESCRIZIONE`, `LIVELLO`) VALUES (1, 10, 'nome1', 'descrizione1', 1);
INSERT INTO `ServerDomDB`.`ASSET` (`idAsset`, `COSTO`, `NOME`, `DESCRIZIONE`, `LIVELLO`) VALUES (2, 20, 'nome2', 'descrizione2', 1);
INSERT INTO `ServerDomDB`.`ASSET` (`idAsset`, `COSTO`, `NOME`, `DESCRIZIONE`, `LIVELLO`) VALUES (3, 30, 'nome3', 'descrizione3', 1);

COMMIT;


-- -----------------------------------------------------
-- Data for table `ServerDomDB`.`ASET_Own`
-- -----------------------------------------------------
START TRANSACTION;
USE `ServerDomDB`;
INSERT INTO `ServerDomDB`.`ASET_Own` (`ASSET_idAsset`, `USER_ACCOUNT_USERNAME`, `QUANTITA`) VALUES (1, 'Tawa', 3);
INSERT INTO `ServerDomDB`.`ASET_Own` (`ASSET_idAsset`, `USER_ACCOUNT_USERNAME`, `QUANTITA`) VALUES (1, 'MatPara', 3);
INSERT INTO `ServerDomDB`.`ASET_Own` (`ASSET_idAsset`, `USER_ACCOUNT_USERNAME`, `QUANTITA`) VALUES (1, 'Matc', 3);
INSERT INTO `ServerDomDB`.`ASET_Own` (`ASSET_idAsset`, `USER_ACCOUNT_USERNAME`, `QUANTITA`) VALUES (2, 'Gio', 2);
INSERT INTO `ServerDomDB`.`ASET_Own` (`ASSET_idAsset`, `USER_ACCOUNT_USERNAME`, `QUANTITA`) VALUES (2, 'Luca', 2);
INSERT INTO `ServerDomDB`.`ASET_Own` (`ASSET_idAsset`, `USER_ACCOUNT_USERNAME`, `QUANTITA`) VALUES (2, 'MatP', 2);
INSERT INTO `ServerDomDB`.`ASET_Own` (`ASSET_idAsset`, `USER_ACCOUNT_USERNAME`, `QUANTITA`) VALUES (3, 'Matc', 1);
INSERT INTO `ServerDomDB`.`ASET_Own` (`ASSET_idAsset`, `USER_ACCOUNT_USERNAME`, `QUANTITA`) VALUES (3, 'Tawa', 1);
INSERT INTO `ServerDomDB`.`ASET_Own` (`ASSET_idAsset`, `USER_ACCOUNT_USERNAME`, `QUANTITA`) VALUES (3, 'MatPara', 1);

COMMIT;


-- -----------------------------------------------------
-- Data for table `ServerDomDB`.`OBIETTIVI`
-- -----------------------------------------------------
START TRANSACTION;
USE `ServerDomDB`;
INSERT INTO `ServerDomDB`.`OBIETTIVI` (`idObiettivo`, `DESCRIZIONE`, `RICOMPENSA`) VALUES (1, 'LEGA 1', 100);
INSERT INTO `ServerDomDB`.`OBIETTIVI` (`idObiettivo`, `DESCRIZIONE`, `RICOMPENSA`) VALUES (2, 'LEGA 2', 200);
INSERT INTO `ServerDomDB`.`OBIETTIVI` (`idObiettivo`, `DESCRIZIONE`, `RICOMPENSA`) VALUES (3, 'LEGA 3', 400);

COMMIT;


-- -----------------------------------------------------
-- Data for table `ServerDomDB`.`OBIETTIVI_USER`
-- -----------------------------------------------------
START TRANSACTION;
USE `ServerDomDB`;
INSERT INTO `ServerDomDB`.`OBIETTIVI_USER` (`STATO`, `USER_ACCOUNT_USERNAME`, `OBIETTIVI_idObiettivo`) VALUES ('NON COMPLETATO', 'Tawa', 1);
INSERT INTO `ServerDomDB`.`OBIETTIVI_USER` (`STATO`, `USER_ACCOUNT_USERNAME`, `OBIETTIVI_idObiettivo`) VALUES (DEFAULT, 'MatPara', 1);
INSERT INTO `ServerDomDB`.`OBIETTIVI_USER` (`STATO`, `USER_ACCOUNT_USERNAME`, `OBIETTIVI_idObiettivo`) VALUES (DEFAULT, 'Gio', 1);
INSERT INTO `ServerDomDB`.`OBIETTIVI_USER` (`STATO`, `USER_ACCOUNT_USERNAME`, `OBIETTIVI_idObiettivo`) VALUES (DEFAULT, 'Luca', 1);
INSERT INTO `ServerDomDB`.`OBIETTIVI_USER` (`STATO`, `USER_ACCOUNT_USERNAME`, `OBIETTIVI_idObiettivo`) VALUES (DEFAULT, 'MatC', 1);
INSERT INTO `ServerDomDB`.`OBIETTIVI_USER` (`STATO`, `USER_ACCOUNT_USERNAME`, `OBIETTIVI_idObiettivo`) VALUES (DEFAULT, 'Tawa', 2);
INSERT INTO `ServerDomDB`.`OBIETTIVI_USER` (`STATO`, `USER_ACCOUNT_USERNAME`, `OBIETTIVI_idObiettivo`) VALUES (DEFAULT, 'MatPara', 2);
INSERT INTO `ServerDomDB`.`OBIETTIVI_USER` (`STATO`, `USER_ACCOUNT_USERNAME`, `OBIETTIVI_idObiettivo`) VALUES (DEFAULT, 'Gio', 2);
INSERT INTO `ServerDomDB`.`OBIETTIVI_USER` (`STATO`, `USER_ACCOUNT_USERNAME`, `OBIETTIVI_idObiettivo`) VALUES (DEFAULT, 'Luca', 2);
INSERT INTO `ServerDomDB`.`OBIETTIVI_USER` (`STATO`, `USER_ACCOUNT_USERNAME`, `OBIETTIVI_idObiettivo`) VALUES (DEFAULT, 'MatC', 2);
INSERT INTO `ServerDomDB`.`OBIETTIVI_USER` (`STATO`, `USER_ACCOUNT_USERNAME`, `OBIETTIVI_idObiettivo`) VALUES (DEFAULT, 'Tawa', 3);
INSERT INTO `ServerDomDB`.`OBIETTIVI_USER` (`STATO`, `USER_ACCOUNT_USERNAME`, `OBIETTIVI_idObiettivo`) VALUES (DEFAULT, 'MatPara', 3);
INSERT INTO `ServerDomDB`.`OBIETTIVI_USER` (`STATO`, `USER_ACCOUNT_USERNAME`, `OBIETTIVI_idObiettivo`) VALUES (DEFAULT, 'Gio', 3);
INSERT INTO `ServerDomDB`.`OBIETTIVI_USER` (`STATO`, `USER_ACCOUNT_USERNAME`, `OBIETTIVI_idObiettivo`) VALUES (DEFAULT, 'Luca', 3);
INSERT INTO `ServerDomDB`.`OBIETTIVI_USER` (`STATO`, `USER_ACCOUNT_USERNAME`, `OBIETTIVI_idObiettivo`) VALUES (DEFAULT, 'MatC', 3);

COMMIT;


-- -----------------------------------------------------
-- Data for table `ServerDomDB`.`OB_PUNTEGGIO`
-- -----------------------------------------------------
START TRANSACTION;
USE `ServerDomDB`;
INSERT INTO `ServerDomDB`.`OB_PUNTEGGIO` (`OBIETTIVI_idObiettivo`, `PUNTEGGIO_OBIETTIVO`) VALUES (1, 100);
INSERT INTO `ServerDomDB`.`OB_PUNTEGGIO` (`OBIETTIVI_idObiettivo`, `PUNTEGGIO_OBIETTIVO`) VALUES (2, 200);
INSERT INTO `ServerDomDB`.`OB_PUNTEGGIO` (`OBIETTIVI_idObiettivo`, `PUNTEGGIO_OBIETTIVO`) VALUES (3, 400);

COMMIT;


SET SQL_MODE=@OLD_SQL_MODE;
SET FOREIGN_KEY_CHECKS=@OLD_FOREIGN_KEY_CHECKS;
SET UNIQUE_CHECKS=@OLD_UNIQUE_CHECKS;
