-- -----------------------------------------------------
-- Data for table `ServerDomDB`.`ACCOUNT`
-- -----------------------------------------------------
START TRANSACTION;
USE `ServerDomDB`;
INSERT INTO `ServerDomDB`.`ACCOUNT` (`USERNAME`, `EMAIL`, `PASSW`) VALUES ('Tawa', 'tawa@serverdominator.com', '12345678');
INSERT INTO `ServerDomDB`.`ACCOUNT` (`USERNAME`, `EMAIL`, `PASSW`) VALUES ('Gio', 'gio@serverdominator.com', '123456789');
INSERT INTO `ServerDomDB`.`ACCOUNT` (`USERNAME`, `EMAIL`, `PASSW`) VALUES ('MatPara', 'matteo.para@serverdominator.com', '12345678');
INSERT INTO `ServerDomDB`.`ACCOUNT` (`USERNAME`, `EMAIL`, `PASSW`) VALUES ('Luca', 'luca@serverdominator.com', '1234567890');
INSERT INTO `ServerDomDB`.`ACCOUNT` (`USERNAME`, `EMAIL`, `PASSW`) VALUES ('MatC', 'matteo.c99@serverdominator.com', '12345678');

COMMIT;


-- -----------------------------------------------------
-- Data for table `ServerDomDB`.`ASSET`
-- -----------------------------------------------------
START TRANSACTION;
USE `ServerDomDB`;
INSERT INTO `ServerDomDB`.`ASSET` (`idAsset`, `COSTO`, `NOME`, `DESCRIZIONE`, `LIVELLO`) VALUES (1, 10, 'nome1', 'descrizione1', 1);
INSERT INTO `ServerDomDB`.`ASSET` (`idAsset`, `COSTO`, `NOME`, `DESCRIZIONE`, `LIVELLO`) VALUES (2, 20, 'nome2', 'descrizione2', 1);
INSERT INTO `ServerDomDB`.`ASSET` (`idAsset`, `COSTO`, `NOME`, `DESCRIZIONE`, `LIVELLO`) VALUES (3, 30, 'nome3', 'descrizione3', 1);

COMMIT;



-- -----------------------------------------------------
-- Data for table `ServerDomDB`.`OBIETTIVI`
-- -----------------------------------------------------
START TRANSACTION;
USE `ServerDomDB`;
INSERT INTO `ServerDomDB`.`OBIETTIVI` (`idObiettivo`, `DESCRIZIONE`, `RICOMPENSA`) VALUES (1, 'LEGA 1', 100);
INSERT INTO `ServerDomDB`.`OBIETTIVI` (`idObiettivo`, `DESCRIZIONE`, `RICOMPENSA`) VALUES (2, 'LEGA 2', 200);
INSERT INTO `ServerDomDB`.`OBIETTIVI` (`idObiettivo`, `DESCRIZIONE`, `RICOMPENSA`) VALUES (3, 'LEGA 3', 400);

COMMIT;


-- -----------------------------------------------------
-- Data for table `ServerDomDB`.`OBIETTIVI_USER`
-- -----------------------------------------------------
START TRANSACTION;
USE `ServerDomDB`;
INSERT INTO `ServerDomDB`.`OBIETTIVI_USER` (`STATO`, `USER_ACCOUNT_USERNAME`, `OBIETTIVI_idObiettivo`) VALUES ('NON COMPLETATO', 'Tawa', 1);
INSERT INTO `ServerDomDB`.`OBIETTIVI_USER` (`STATO`, `USER_ACCOUNT_USERNAME`, `OBIETTIVI_idObiettivo`) VALUES (DEFAULT, 'MatPara', 1);
INSERT INTO `ServerDomDB`.`OBIETTIVI_USER` (`STATO`, `USER_ACCOUNT_USERNAME`, `OBIETTIVI_idObiettivo`) VALUES (DEFAULT, 'Gio', 1);
INSERT INTO `ServerDomDB`.`OBIETTIVI_USER` (`STATO`, `USER_ACCOUNT_USERNAME`, `OBIETTIVI_idObiettivo`) VALUES (DEFAULT, 'Luca', 1);
INSERT INTO `ServerDomDB`.`OBIETTIVI_USER` (`STATO`, `USER_ACCOUNT_USERNAME`, `OBIETTIVI_idObiettivo`) VALUES (DEFAULT, 'MatC', 1);
INSERT INTO `ServerDomDB`.`OBIETTIVI_USER` (`STATO`, `USER_ACCOUNT_USERNAME`, `OBIETTIVI_idObiettivo`) VALUES (DEFAULT, 'Tawa', 2);
INSERT INTO `ServerDomDB`.`OBIETTIVI_USER` (`STATO`, `USER_ACCOUNT_USERNAME`, `OBIETTIVI_idObiettivo`) VALUES (DEFAULT, 'MatPara', 2);
INSERT INTO `ServerDomDB`.`OBIETTIVI_USER` (`STATO`, `USER_ACCOUNT_USERNAME`, `OBIETTIVI_idObiettivo`) VALUES (DEFAULT, 'Gio', 2);
INSERT INTO `ServerDomDB`.`OBIETTIVI_USER` (`STATO`, `USER_ACCOUNT_USERNAME`, `OBIETTIVI_idObiettivo`) VALUES (DEFAULT, 'Luca', 2);
INSERT INTO `ServerDomDB`.`OBIETTIVI_USER` (`STATO`, `USER_ACCOUNT_USERNAME`, `OBIETTIVI_idObiettivo`) VALUES (DEFAULT, 'MatC', 2);
INSERT INTO `ServerDomDB`.`OBIETTIVI_USER` (`STATO`, `USER_ACCOUNT_USERNAME`, `OBIETTIVI_idObiettivo`) VALUES (DEFAULT, 'Tawa', 3);
INSERT INTO `ServerDomDB`.`OBIETTIVI_USER` (`STATO`, `USER_ACCOUNT_USERNAME`, `OBIETTIVI_idObiettivo`) VALUES (DEFAULT, 'MatPara', 3);
INSERT INTO `ServerDomDB`.`OBIETTIVI_USER` (`STATO`, `USER_ACCOUNT_USERNAME`, `OBIETTIVI_idObiettivo`) VALUES (DEFAULT, 'Gio', 3);
INSERT INTO `ServerDomDB`.`OBIETTIVI_USER` (`STATO`, `USER_ACCOUNT_USERNAME`, `OBIETTIVI_idObiettivo`) VALUES (DEFAULT, 'Luca', 3);
INSERT INTO `ServerDomDB`.`OBIETTIVI_USER` (`STATO`, `USER_ACCOUNT_USERNAME`, `OBIETTIVI_idObiettivo`) VALUES (DEFAULT, 'MatC', 3);

COMMIT;


-- -----------------------------------------------------
-- Data for table `ServerDomDB`.`OB_PUNTEGGIO`
-- -----------------------------------------------------
START TRANSACTION;
USE `ServerDomDB`;
INSERT INTO `ServerDomDB`.`OB_PUNTEGGIO` (`OBIETTIVI_idObiettivo`, `PUNTEGGIO_OBIETTIVO`) VALUES (1, 100);
INSERT INTO `ServerDomDB`.`OB_PUNTEGGIO` (`OBIETTIVI_idObiettivo`, `PUNTEGGIO_OBIETTIVO`) VALUES (2, 200);
INSERT INTO `ServerDomDB`.`OB_PUNTEGGIO` (`OBIETTIVI_idObiettivo`, `PUNTEGGIO_OBIETTIVO`) VALUES (3, 400);

COMMIT;


-- -----------------------------------------------------
-- Data for table `ServerDomDB`.`PARTITA`
-- -----------------------------------------------------
START TRANSACTION;
USE `ServerDomDB`;
INSERT INTO `ServerDomDB`.`PARTITA` (`idPARTITA`, `INIZIO`, `FINE`) VALUES (1, ' 2020-01-01 18:10:10', ' 2020-01-01 19:10:10');
INSERT INTO `ServerDomDB`.`PARTITA` (`idPARTITA`, `INIZIO`, `FINE`) VALUES (2, ' 2020-01-01 18:10:10', ' 2020-01-01 18:30:10');
INSERT INTO `ServerDomDB`.`PARTITA` (`idPARTITA`, `INIZIO`, `FINE`) VALUES (3, ' 2020-01-01 18:10:10', ' 2020-01-01 18:40:10');
INSERT INTO `ServerDomDB`.`PARTITA` (`idPARTITA`, `INIZIO`, `FINE`) VALUES (4, ' 2020-01-01 18:10:10', ' 2020-01-01 18:50:10');
INSERT INTO `ServerDomDB`.`PARTITA` (`idPARTITA`, `INIZIO`, `FINE`) VALUES (5, ' 2020-01-01 18:10:10', ' 2020-01-01 20:10:10');
INSERT INTO `ServerDomDB`.`PARTITA` (`idPARTITA`, `INIZIO`, `FINE`) VALUES (6, ' 2020-01-01 18:10:10', ' 2020-01-01 21:10:10');

COMMIT;


-- -----------------------------------------------------
-- Data for table `ServerDomDB`.`GIOCATORE`
-- -----------------------------------------------------
START TRANSACTION;
USE `ServerDomDB`;
INSERT INTO `ServerDomDB`.`GIOCATORE` (`idGIOCATORE`, `POSIZIONE`, `FINE_GIOCO`, `PARTITA_idPARTITA`, `USER_ACCOUNT_USERNAME`) VALUES (1, 1, NULL, 1, 'Luca');
INSERT INTO `ServerDomDB`.`GIOCATORE` (`idGIOCATORE`, `POSIZIONE`, `FINE_GIOCO`, `PARTITA_idPARTITA`, `USER_ACCOUNT_USERNAME`) VALUES (2, 2, NULL, 1, 'Gio');
INSERT INTO `ServerDomDB`.`GIOCATORE` (`idGIOCATORE`, `POSIZIONE`, `FINE_GIOCO`, `PARTITA_idPARTITA`, `USER_ACCOUNT_USERNAME`) VALUES (3, 3, NULL, 1, 'MatPara');
INSERT INTO `ServerDomDB`.`GIOCATORE` (`idGIOCATORE`, `POSIZIONE`, `FINE_GIOCO`, `PARTITA_idPARTITA`, `USER_ACCOUNT_USERNAME`) VALUES (4, 4, NULL, 1, 'MatC');
INSERT INTO `ServerDomDB`.`GIOCATORE` (`idGIOCATORE`, `POSIZIONE`, `FINE_GIOCO`, `PARTITA_idPARTITA`, `USER_ACCOUNT_USERNAME`) VALUES (DEFAULT, 5, NULL, 1, 'Tawa');
INSERT INTO `ServerDomDB`.`GIOCATORE` (`idGIOCATORE`, `POSIZIONE`, `FINE_GIOCO`, `PARTITA_idPARTITA`, `USER_ACCOUNT_USERNAME`) VALUES (6, 1, NULL, 2, 'Gio');
INSERT INTO `ServerDomDB`.`GIOCATORE` (`idGIOCATORE`, `POSIZIONE`, `FINE_GIOCO`, `PARTITA_idPARTITA`, `USER_ACCOUNT_USERNAME`) VALUES (DEFAULT, 1, NULL, 2, 'MatPara');
INSERT INTO `ServerDomDB`.`GIOCATORE` (`idGIOCATORE`, `POSIZIONE`, `FINE_GIOCO`, `PARTITA_idPARTITA`, `USER_ACCOUNT_USERNAME`) VALUES (DEFAULT, 2, NULL, 2, 'Luca');
INSERT INTO `ServerDomDB`.`GIOCATORE` (`idGIOCATORE`, `POSIZIONE`, `FINE_GIOCO`, `PARTITA_idPARTITA`, `USER_ACCOUNT_USERNAME`) VALUES (DEFAULT, 2, NULL, 2, 'Tawa');
INSERT INTO `ServerDomDB`.`GIOCATORE` (`idGIOCATORE`, `POSIZIONE`, `FINE_GIOCO`, `PARTITA_idPARTITA`, `USER_ACCOUNT_USERNAME`) VALUES (DEFAULT, 3, NULL, 2, 'MatC');
INSERT INTO `ServerDomDB`.`GIOCATORE` (`idGIOCATORE`, `POSIZIONE`, `FINE_GIOCO`, `PARTITA_idPARTITA`, `USER_ACCOUNT_USERNAME`) VALUES (DEFAULT, 5, NULL, 3, 'Gio');
INSERT INTO `ServerDomDB`.`GIOCATORE` (`idGIOCATORE`, `POSIZIONE`, `FINE_GIOCO`, `PARTITA_idPARTITA`, `USER_ACCOUNT_USERNAME`) VALUES (DEFAULT, 4, NULL, 3, 'MatPara');
INSERT INTO `ServerDomDB`.`GIOCATORE` (`idGIOCATORE`, `POSIZIONE`, `FINE_GIOCO`, `PARTITA_idPARTITA`, `USER_ACCOUNT_USERNAME`) VALUES (DEFAULT, 3, NULL, 3, 'Luca');
INSERT INTO `ServerDomDB`.`GIOCATORE` (`idGIOCATORE`, `POSIZIONE`, `FINE_GIOCO`, `PARTITA_idPARTITA`, `USER_ACCOUNT_USERNAME`) VALUES (DEFAULT, 2, NULL, 3, 'Tawa');
INSERT INTO `ServerDomDB`.`GIOCATORE` (`idGIOCATORE`, `POSIZIONE`, `FINE_GIOCO`, `PARTITA_idPARTITA`, `USER_ACCOUNT_USERNAME`) VALUES (DEFAULT, 1, NULL, 3, 'MatC');
INSERT INTO `ServerDomDB`.`GIOCATORE` (`idGIOCATORE`, `POSIZIONE`, `FINE_GIOCO`, `PARTITA_idPARTITA`, `USER_ACCOUNT_USERNAME`) VALUES (DEFAULT, 1, NULL, 4, 'Tawa');
INSERT INTO `ServerDomDB`.`GIOCATORE` (`idGIOCATORE`, `POSIZIONE`, `FINE_GIOCO`, `PARTITA_idPARTITA`, `USER_ACCOUNT_USERNAME`) VALUES (DEFAULT, 1, NULL, 4, 'MatC');
INSERT INTO `ServerDomDB`.`GIOCATORE` (`idGIOCATORE`, `POSIZIONE`, `FINE_GIOCO`, `PARTITA_idPARTITA`, `USER_ACCOUNT_USERNAME`) VALUES (DEFAULT, 1, NULL, 4, 'MatPara');
INSERT INTO `ServerDomDB`.`GIOCATORE` (`idGIOCATORE`, `POSIZIONE`, `FINE_GIOCO`, `PARTITA_idPARTITA`, `USER_ACCOUNT_USERNAME`) VALUES (DEFAULT, 1, NULL, 4, 'Gio');
INSERT INTO `ServerDomDB`.`GIOCATORE` (`idGIOCATORE`, `POSIZIONE`, `FINE_GIOCO`, `PARTITA_idPARTITA`, `USER_ACCOUNT_USERNAME`) VALUES (DEFAULT, 1, NULL, 4, 'Luca');

COMMIT;

-- -----------------------------------------------------
-- Data for table `ServerDomDB`.`ASET_Own`
-- -----------------------------------------------------
START TRANSACTION;
USE `ServerDomDB`;
INSERT INTO `ServerDomDB`.`ASET_Own` (`ASSET_idAsset`, `USER_ACCOUNT_USERNAME`, `QUANTITA`) VALUES (1, 'Tawa', 3);
INSERT INTO `ServerDomDB`.`ASET_Own` (`ASSET_idAsset`, `USER_ACCOUNT_USERNAME`, `QUANTITA`) VALUES (1, 'MatPara', 3);
INSERT INTO `ServerDomDB`.`ASET_Own` (`ASSET_idAsset`, `USER_ACCOUNT_USERNAME`, `QUANTITA`) VALUES (1, 'Matc', 3);
INSERT INTO `ServerDomDB`.`ASET_Own` (`ASSET_idAsset`, `USER_ACCOUNT_USERNAME`, `QUANTITA`) VALUES (2, 'Gio', 2);
INSERT INTO `ServerDomDB`.`ASET_Own` (`ASSET_idAsset`, `USER_ACCOUNT_USERNAME`, `QUANTITA`) VALUES (2, 'Luca', 2);
INSERT INTO `ServerDomDB`.`ASET_Own` (`ASSET_idAsset`, `USER_ACCOUNT_USERNAME`, `QUANTITA`) VALUES (2, 'MatP', 2);
INSERT INTO `ServerDomDB`.`ASET_Own` (`ASSET_idAsset`, `USER_ACCOUNT_USERNAME`, `QUANTITA`) VALUES (3, 'Matc', 1);
INSERT INTO `ServerDomDB`.`ASET_Own` (`ASSET_idAsset`, `USER_ACCOUNT_USERNAME`, `QUANTITA`) VALUES (3, 'Tawa', 1);
INSERT INTO `ServerDomDB`.`ASET_Own` (`ASSET_idAsset`, `USER_ACCOUNT_USERNAME`, `QUANTITA`) VALUES (3, 'MatPara', 1);

COMMIT;